cap-shape,Count,Proportion
x,21510,0.4414843397233283
f,10698,0.21957226714831082
s,5717,0.11733918968843643
b,4615,0.09472107056360576
o,2634,0.05406182012232667
p,2098,0.04306062969500431
c,1450,0.029760683058987727
