cap-color,Count,Proportion
n,19407,0.398321086983293
y,6876,0.14112721152662042
w,6175,0.12673946061327532
g,3410,0.06998891671113665
e,3205,0.06578137186486598
o,2905,0.059623989163006444
r,1399,0.028713927999671606
u,1355,0.027810845203398875
p,1332,0.02733877919625631
k,1016,0.020853002750297608
b,964,0.01978572308197529
l,678,0.013915684906202538
