class,Count,Proportion
p,26996,0.5540823447313329
e,21726,0.4459176552686671
