,params,mean_fit_time,mean_test_accuracy,std_test_accuracy,mean_test_f2_score,std_test_f2_score
KNN,{'kneighborsclassifier__n_neighbors': 327},0.3907424608866374,0.930791092937263,0.00258171062315433,0.9356911409684464,0.0028526046673294204
Logistic Regression,{'logisticregression__C': 0.05209979442925436},1.981880823771159,0.7447559588137181,0.00146316259055163,0.7772510340526643,0.0007893398696348199
SVC,"{'svc__C': 20.740241962891858, 'svc__gamma': 0.34565175058380543}",115.08883436520894,0.9966134433025379,0.0003518820275995103,0.9971109823190355,0.00011094877990301127
