,params,mean_fit_time,mean_test_accuracy,std_test_accuracy,mean_test_f2_score,std_test_f2_score
KNN,{'kneighborsclassifier__n_neighbors': 327},0.6466474533081055,0.930791092937263,0.00258171062315433,0.9356911409684464,0.0028526046673294204
Logisic Regression,{'logisticregression__C': 0.023419595259846073},2.786017894744873,0.7436271853445117,0.0033836160934969882,0.7780523037749278,0.0031846988646542706
SVC,"{'svc__C': 20.740241962891858, 'svc__gamma': 0.34565175058380543}",101.23714502652486,0.9966134433025379,0.0003518820275995103,0.9971109823190355,0.00011094877990301127
