,params,mean_fit_time,mean_test_accuracy,std_test_accuracy,mean_test_f2_score,std_test_f2_score
KNN,{'kneighborsclassifier__n_neighbors': 327},0.6988377571105957,0.930791092937263,0.00258171062315433,0.9356911409684464,0.0028526046673294204
Logistic Regression,{'logisticregression__C': 0.14816032900504092},2.0718833605448403,0.7454948447385639,0.002918493643799033,0.7772796816174603,0.002340582765021746
SVC,"{'svc__C': 20.740241962891858, 'svc__gamma': 0.34565175058380543}",58.19740732510885,0.9966134433025379,0.0003518820275995103,0.9971109823190355,0.00011094877990301127
