does-bruise-or-bleed,Count,Proportion
f,40333,0.8278190550470014
t,8389,0.17218094495299865
