gill-color,Count,Proportion
w,14836,0.3045030992159599
n,7742,0.15890152292598825
y,7595,0.1558844054020771
p,4769,0.09788186035056032
g,3295,0.06762858667542383
f,2734,0.056114281022946515
o,2312,0.04745289602233078
k,1908,0.03916095398382661
r,1131,0.023213332786010427
e,842,0.01728172078321908
u,827,0.016973851648126103
b,731,0.015003489183531053
