habitat,Count,Proportion
d,35162,0.7216863018759493
g,6403,0.13141907146668855
l,2539,0.05211198226673782
m,2344,0.048109683510529126
h,1598,0.03279832519190509
p,298,0.006116333483847132
w,288,0.005911087393785148
u,90,0.001847214810557859
