,cap-diameter,stem-height,stem-width
cap-diameter,1.0,0.4200866023094954,0.6925735924234051
stem-height,0.4200866023094954,1.0,0.43119246660695176
stem-width,0.6925735924234051,0.43119246660695176,1.0
