ring-type,Count,Proportion
f,38440,0.822826808228268
e,1964,0.042040370742984355
z,1713,0.03666759423764369
l,1151,0.024637712181860994
r,1129,0.024166791531990497
p,1028,0.022004837639403214
g,1005,0.021512511505447696
m,287,0.006143373932401481
