stem-color,Count,Proportion
w,18377,0.3771807397069086
n,14478,0.2971552891917409
y,6291,0.12912031525799433
g,2090,0.04289643282295472
o,1733,0.035569147407741884
e,1628,0.03341406346209105
u,1189,0.024403760108369935
p,814,0.016707031731045523
f,705,0.014469849349369894
k,676,0.01387463568819014
r,420,0.008620335782603341
l,181,0.0037149542301219162
b,140,0.0028734452608677806
