has-ring,Count,Proportion
f,36495,0.7490456056812118
t,12227,0.25095439431878824
