season,Count,Proportion
a,24079,0.49421206026025205
u,18300,0.3756003448134313
w,4149,0.0851566027667173
s,2194,0.04503099215959936
